timestamp,can_home_battery_charge_rate,car_roc,elevation
2025-05-16T22:02:16.491147,-0.7955,0,0.0
2025-05-16T22:03:46.539718,-0.7945,0,0
2025-05-16T22:05:16.546483,-0.939,0,0
2025-05-16T22:06:46.554291,-0.928,0,0
2025-05-16T22:08:16.562412,-0.926,0,0
2025-05-16T22:09:46.573839,-0.927,0,0
2025-05-16T22:11:16.582005,-0.933,0,0
2025-05-16T22:12:46.591810,-0.931,0,0
2025-05-16T22:14:16.598577,-0.9265,0,0
2025-05-16T22:15:46.604295,-0.9435,0,0
2025-05-16T22:17:16.610594,-0.8945,0,0
2025-05-16T22:18:46.621757,-0.926,0,0
2025-05-16T22:19:03.436817,-0.9335,0,0.0
2025-05-16T22:20:33.517676,-0.9435,0,0
2025-05-16T22:22:03.523290,-0.9385,0,0
2025-05-16T22:23:33.529656,-0.9975,0,0
2025-05-16T22:24:54.358027,-0.9855,0,0.0
2025-05-16T22:26:24.405398,-1.091,0,0
2025-05-16T22:27:54.412074,-1.068,0,0
2025-05-16T22:30:11.379585,-1.078,0,0.0
2025-05-16T22:31:41.467425,-1.0745,0,-0.40105329132667844
2025-05-16T22:33:11.477762,-1.084,0,-0.404324857781904
2025-05-16T22:34:41.488718,-1.0725,0,-0.40757320266715014
2025-05-16T22:35:42.662162,-1.0755,0,0.0
2025-05-16T22:37:12.763436,-1.212,0,-0.4129704855273781
2025-05-16T22:38:42.776337,-1.2265,0,-0.4161556560250525
2025-05-16T22:40:12.790554,-0.969,0,-0.4193168616956474
2025-05-16T22:41:42.797738,-0.936,0,-0.4224538987191591
2025-05-16T22:43:12.809869,-0.9375,0,-0.42556656260319337
2025-05-16T22:44:42.818209,-0.943,0,-0.4286546482192918
2025-05-16T22:46:12.823767,-0.938,0,-0.43171794984017275
2025-05-16T22:47:42.834323,-0.9385,0,-0.43475626117653443
2025-05-16T22:49:12.844219,-0.9425,0,-0.4377693754229011
2025-05-16T22:50:42.850023,-0.97,0,-0.4407570852883976
2025-05-16T22:52:12.855616,-0.9365,0,-0.44371918304477154
2025-05-16T22:53:42.863803,-0.936,0,-0.4466554605674315
2025-05-16T22:55:12.874145,-0.9805,0,-0.4495657093791917
2025-05-16T22:55:45.089714,-0.9835,0,-0.45062623771120364
2025-05-16T22:57:15.095990,-0.9595,0,-0.45350057624659545
2025-05-16T22:58:45.104600,-0.9585,0,-0.4563483915327589
2025-05-16T23:00:15.111381,-0.9595,0,-0.4591694742417041
2025-05-16T23:01:45.117196,-0.903,0,-0.4619636148969904
2025-05-16T23:03:15.127422,-0.9055,0,-0.4647306039234996
2025-05-16T23:04:45.135183,-0.8615,0,-0.46747023169833646
2025-05-16T23:05:38.589511,-0.892,0,-0.46907068274791314
2025-05-16T23:07:08.597467,-0.479,0,-0.47176640542630993
2025-05-16T23:08:38.606611,-0.464,0,-0.47443422431363186
2025-05-16T23:10:08.613652,-0.397,0,-0.47707393005195126
2025-05-16T23:11:38.625504,-0.3885,0,-0.47968531348356247
2025-05-16T23:13:08.638968,-0.4035,0,-0.48226816570812403
2025-05-16T23:14:38.650531,-0.3835,0,-0.484822278140879
2025-05-16T23:16:08.658568,-0.3965,0,-0.4873474425702847
2025-05-16T23:17:38.664569,-0.378,0,-0.4898434512251306
2025-05-16T23:19:08.670393,-0.398,0,-0.49231009682582916
2025-05-16T23:20:38.675901,-0.339,0,-0.4947471726535823
2025-05-16T23:22:08.683991,-0.331,0,-0.49715447261216844
2025-05-16T23:23:38.695502,-0.321,0,-0.4995317912923763
2025-05-16T23:25:08.705680,-0.283,0,-0.5018789240373525
2025-05-16T23:26:38.711145,-0.2865,0,-0.5041956670089558
2025-05-16T23:28:08.716566,-0.296,0,-0.506481817253232
2025-05-16T23:29:38.725413,-0.299,0,-0.5087371727754141
2025-05-16T23:31:08.733373,-0.3045,0,-0.5109615325985314
2025-05-16T23:32:38.738984,-0.3545,0,-0.5131546968400558
2025-05-16T23:34:08.744386,-0.358,0,-0.515316466780622
2025-05-16T23:35:38.753922,-0.3695,0,-0.5174466449353722
2025-05-16T23:37:08.762158,-0.3405,0,-0.519545035125814
2025-05-16T23:38:38.769136,-0.3455,0,-0.5216114425507036
2025-05-16T23:40:08.780607,-0.3395,0,-0.5236456738661495
2025-05-16T23:41:38.790614,-0.3375,0,-0.5256475372489933
2025-05-16T23:43:08.810690,-0.3525,0,-0.5276168424779423
2025-05-16T23:44:38.827061,-0.336,0,-0.5295534010065724
2025-05-16T23:46:08.841414,-0.353,0,-0.5314570260384395
2025-05-16T23:47:38.855979,-0.3365,0,-0.5333275326025355
2025-05-16T23:49:08.862908,-0.341,0,-0.5351647376290506
2025-05-16T23:50:38.870124,-0.3585,0,-0.5369684600236124
2025-05-16T23:52:08.875566,-0.333,0,-0.5387385207504646
2025-05-16T23:53:38.884970,-0.3295,0,-0.5404747428982394
2025-05-16T23:55:08.899081,-0.34,0,-0.5421769517632948
2025-05-16T23:56:38.909269,-0.3325,0,-0.54384497492431
2025-05-16T23:58:08.915541,-0.3165,0,-0.5454786423184961
2025-05-16T23:59:38.923381,-0.3295,0,-0.5470777863177211
2025-05-17T00:01:08.934906,-0.336,0,-0.5486422418025843
2025-05-17T00:02:38.948380,-0.3245,0,-0.5501718462451646
2025-05-17T00:04:08.957789,-0.322,0,-0.5516664397735993
2025-05-17T00:05:38.963980,-0.3335,0,-0.5531258652539452
2025-05-17T00:07:08.973032,-0.3195,0,-0.5545499683627881
2025-05-17T00:08:38.981292,-0.2735,0,-0.5559385976609412
2025-05-17T00:10:08.992427,-0.2795,0,-0.5572916046665398
2025-05-17T00:11:39.001613,-0.2685,0,-0.558608843927436
2025-05-17T00:13:09.008451,-0.275,0,-0.5599042078375641
2025-05-17T00:14:39.014775,-0.277,0,-0.5611490864110559
2025-05-17T00:16:09.020730,-0.2945,0,-0.5623577782807079
2025-05-17T00:17:39.027673,-0.2085,0,-0.56353015085678
2025-05-17T00:19:09.034173,-0.1865,0,-0.5646660749282634
2025-05-17T00:20:39.041343,-0.187,0,-0.5657654247293301
2025-05-17T00:22:09.048359,-0.191,0,-0.5668280780026068
2025-05-17T00:23:39.056136,-0.1845,0,-0.5678539160702964
2025-05-17T00:25:09.063028,-0.182,0,-0.5688428238857349
2025-05-17T00:26:39.074689,-0.188,0,-0.569794690101558
2025-05-17T00:28:09.084701,-0.3035,0,-0.5707094071272879
2025-05-17T00:29:39.091172,-0.2715,0,-0.5715868711871053
2025-05-17T00:31:09.098425,-0.274,0,-0.5724269823759296
2025-05-17T00:32:39.105289,-0.2975,0,-0.5732296447137343
2025-05-17T00:34:09.113215,-0.2745,0,-0.5739947661962247
2025-05-17T00:35:39.123141,-0.282,0,-0.5747222588526936
2025-05-17T00:37:09.133807,-0.2875,0,-0.5754120387837781
2025-05-17T00:38:39.141988,-0.2735,0,-0.5760640262153445
2025-05-17T00:40:10.251598,-0.2845,0,-0.5766847561007948
2025-05-17T00:41:40.262921,-0.249,0,-0.5772605139900104
2025-05-17T00:43:10.280524,-0.25,0,-0.5777982645086286
2025-05-17T00:44:40.293932,-0.238,0,-0.5782979448514599
2025-05-17T00:46:10.304690,-0.2365,0,-0.5787594965325303
2025-05-17T00:47:40.315194,-0.2485,0,-0.5791828654256518
2025-05-17T00:49:10.321615,-0.3495,0,-0.5795680017935173
2025-05-17T00:50:40.331729,-0.335,0,-0.5799148603162632
2025-05-17T00:52:10.342021,-0.3345,0,-0.5802234001175179
2025-05-17T00:53:40.348322,-0.3495,0,-0.5804935847879256
2025-05-17T00:55:10.355192,-0.343,0,-0.5807253824043934
2025-05-17T00:56:40.362040,-0.341,0,-0.5809187655558076
2025-05-17T00:58:10.368488,-0.3375,0,-0.5810737113480385
2025-05-17T00:59:40.376143,-0.3335,0,-0.5811902014245108
2025-05-17T01:01:10.382619,-0.336,0,-0.581268221975018
2025-05-17T01:02:40.389502,-0.34,0,-0.5813077637437531
2025-05-17T01:04:10.395921,-0.3485,0,-0.5813088220347292
2025-05-17T01:05:40.403165,-0.3445,0,-0.5812713967126512
2025-05-17T01:07:10.413169,-0.34,0,-0.5811954922103074
2025-05-17T01:08:40.424413,-0.35,0,-0.5810811175149927
2025-05-17T01:10:10.432015,-0.343,0,-0.580928286170619
2025-05-17T01:11:40.438598,-0.341,0,-0.5807370162679668
2025-05-17T01:13:10.448559,-0.346,0,-0.5805073304341702
2025-05-17T01:14:40.459860,-0.366,0,-0.580239255819565
2025-05-17T01:16:10.471556,-0.3515,0,-0.5799328240819306
2025-05-17T01:17:40.482460,-0.29,0,-0.579588071366376
2025-05-17T01:19:10.489359,-0.3005,0,-0.579205038291632
2025-05-17T01:20:40.499277,-0.293,0,-0.5787837699157911
2025-05-17T01:22:10.514267,-0.2925,0,-0.5783243157176381
2025-05-17T01:23:40.528697,-0.283,0,-0.5778267295664462
2025-05-17T01:25:10.540196,-0.282,0,-0.5772910696911592
2025-05-17T01:26:40.551379,-0.279,0,-0.5767173986471746
2025-05-17T01:28:10.563461,-0.272,0,-0.5761057832790383
2025-05-17T01:29:40.573719,-0.297,0,-0.5754562946897437
2025-05-17T01:31:10.589198,-0.283,0,-0.5747690081899698
2025-05-17T01:32:40.600652,-0.2795,0,-0.574044003262892
2025-05-17T01:34:10.608257,-0.288,0,-0.5732813635180054
2025-05-17T01:35:40.618034,-0.2785,0,-0.572481176644662
2025-05-17T01:37:10.625613,-0.272,0,-0.5716435343635277
2025-05-17T01:38:40.633918,-0.2745,0,-0.5707685323761056
2025-05-17T01:40:10.641805,-0.278,0,-0.5698562703106097
2025-05-17T01:41:40.653089,-0.2765,0,-0.568906851674847
2025-05-17T01:43:10.665395,-0.2825,0,-0.5679203837895821
2025-05-17T01:44:40.672750,-0.289,0,-0.5668969777379929
2025-05-17T01:46:10.679954,-0.277,0,-0.5658367483045977
2025-05-17T01:47:40.691193,-0.2745,0,-0.5647398139144056
2025-05-17T01:49:10.703351,-0.2905,0,-0.5636062965705886
2025-05-17T01:50:40.711892,-0.2685,0,-0.5624363217889662
2025-05-17T01:52:10.718308,-0.288,0,-0.5612300185400281
2025-05-17T01:53:40.730346,-0.3465,0,-0.5599875191719248
2025-05-17T01:55:10.738236,-0.354,0,-0.5587089593501113
2025-05-17T01:56:40.746324,-0.3375,0,-0.557394477986866
2025-05-17T01:58:10.753971,-0.3385,0,-0.5560442171716696
2025-05-17T01:59:40.762950,-0.35,0,-0.5546583221005729
2025-05-17T02:01:10.770335,-0.346,0,-0.5532369410046634
2025-05-17T02:02:40.778789,-0.3325,0,-0.551780225076071
2025-05-17T02:04:10.792474,-0.354,0,-0.5502883284018699
2025-05-17T02:05:40.807974,-0.3225,0,-0.5487614078798789
2025-05-17T02:07:10.814921,-0.318,0,-0.547199623151428
2025-05-17T02:08:40.822297,-0.3195,0,-0.5456031365247949
2025-05-17T02:10:10.829639,-0.33,0,-0.5439721128999806
2025-05-17T02:11:40.837140,-0.3245,0,-0.542306719693185
2025-05-17T02:13:10.844253,-0.254,0,-0.5406071267591397
2025-05-17T02:14:40.852430,-0.234,0,-0.538873506321937
2025-05-17T02:16:10.862935,-0.2375,0,-0.5371060328884671
2025-05-17T02:17:40.870234,-0.2585,0,-0.5353048831789925
2025-05-17T02:19:10.877800,-0.2395,0,-0.5334702360490401
2025-05-17T02:20:40.885464,-0.2385,0,-0.5316022724131392
2025-05-17T02:22:10.892777,-0.2315,0,-0.5297011751686224
2025-05-17T02:23:40.900779,-0.1825,0,-0.5277671291196139
2025-05-17T02:25:10.908731,-0.184,0,-0.525800320899545
2025-05-17T02:26:40.916320,-0.18,0,-0.5238009389024674
2025-05-17T02:28:10.923546,-0.2015,0,-0.5217691731976891
2025-05-17T02:29:40.932037,-0.185,0,-0.5197052154618427
2025-05-17T02:31:10.939372,-0.2835,0,-0.5176092589028936
2025-05-17T02:32:40.947057,-0.2785,0,-0.5154814981863227
2025-05-17T02:34:10.955103,-0.2705,0,-0.5133221293619253
2025-05-17T02:35:40.963064,-0.2715,0,-0.5111313497894964
2025-05-17T02:37:10.976415,-0.278,0,-0.508909358073513
2025-05-17T02:38:40.992440,-0.287,0,-0.5066563539817734
2025-05-17T02:40:11.001457,-0.276,0,-0.5043725383815603
2025-05-17T02:41:41.429238,-0.2805,0,-0.5020322261527692
2025-05-17T02:43:11.440271,-0.3975,0,-0.49968705747035913
2025-05-17T02:44:41.457793,-0.2895,0,-0.49731168804255005
2025-05-17T02:46:11.470544,-0.292,0,-0.4949063224450063
2025-05-17T02:47:41.479673,-0.297,0,-0.49247116601466345
2025-05-17T02:49:11.487952,-0.285,0,-0.49000642477448153
2025-05-17T02:50:41.495414,-0.286,0,-0.4875123053754743
2025-05-17T02:52:11.509696,-0.2865,0,-0.48498901503154757
2025-05-17T02:53:41.522233,-0.2875,0,-0.48243676145700787
2025-05-17T02:55:11.530608,-0.282,0,-0.4798557528050421
2025-05-17T02:56:41.539456,-0.348,0,-0.477246197605696
2025-05-17T02:58:11.548073,-0.3635,0,-0.4746083047129347
2025-05-17T02:59:41.556432,-0.343,0,-0.4719422832366243
2025-05-17T03:01:11.567506,-0.3445,0,-0.4692483424917885
2025-05-17T03:02:41.582705,-0.351,0,-0.46652669194087104
2025-05-17T03:04:11.590791,-0.337,0,-0.46377754113871306
2025-05-17T03:05:41.603100,-0.3315,0,-0.4610010996786625
2025-05-17T03:07:11.619461,-0.325,0,-0.45819757713979514
2025-05-17T03:08:41.633843,-0.3225,0,-0.4553671830336837
2025-05-17T03:10:11.647918,-0.333,0,-0.4525101267602105
2025-05-17T03:11:41.662351,-0.329,0,-0.44962661754867866
2025-05-17T03:13:11.670462,-0.3565,0,-0.44671686441585856
2025-05-17T03:14:41.678371,-0.341,0,-0.4437810761173317
2025-05-17T03:16:11.690228,-0.337,0,-0.440819461101417
2025-05-17T03:17:41.708525,-0.3525,0,-0.4378322274643058
2025-05-17T03:19:11.724099,-0.3215,0,-0.43481958290472955
2025-05-17T03:20:41.731689,-0.335,0,-0.43178173468745984
2025-05-17T03:22:11.746348,-0.3285,0,-0.4287188895924558
2025-05-17T03:23:41.763866,-0.3245,0,-0.4256312538805211
2025-05-17T03:25:11.782304,-0.325,0,-0.42251903325234125
2025-05-17T03:26:41.796792,-0.3245,0,-0.41938243281007725
2025-05-17T03:28:11.804889,-0.334,0,-0.41622165702004804
2025-05-17T03:29:41.813579,-0.2785,0,-0.4130369096764055
2025-05-17T03:31:11.823963,-0.2945,0,-0.409828393864307
2025-05-17T03:32:41.844403,-0.309,0,-0.4065963119315946
2025-05-17T03:34:11.857607,-0.2805,0,-0.40334086544639974
2025-05-17T03:35:41.867755,-0.276,0,-0.4000622551707631
2025-05-17T03:37:11.876538,-0.271,0,-0.39676068102757683
2025-05-17T03:38:41.889230,-0.2705,0,-0.39343634207001515
2025-05-17T03:40:11.909560,-0.283,0,-0.39008943645172267
2025-05-17T03:41:41.927509,-0.2755,0,-0.3867201613964616
2025-05-17T03:43:11.943731,-0.2885,0,-0.3833287131759244
2025-05-17T03:44:41.953659,-0.2775,0,-0.37991528707344835
2025-05-17T03:46:11.961922,-0.271,0,-0.37648007736342337
2025-05-17T03:47:41.970511,-0.2895,0,-0.3730232772838474
2025-05-17T03:49:11.979343,-0.272,0,-0.3695450790111246
2025-05-17T03:50:41.988961,-0.266,0,-0.36604567363545304
2025-05-17T03:52:11.997608,-0.273,0,-0.36252525113677914
2025-05-17T03:53:42.006078,-0.2685,0,-0.3589445368387631
2025-05-17T03:55:12.014331,-0.276,0,-0.3553824171860818
2025-05-17T03:56:42.022553,-0.2645,0,-0.3517998455219553
2025-05-17T03:58:12.031287,-0.285,0,-0.3481970071416223
2025-05-17T03:59:42.044764,-0.277,0,-0.3445740861167263
2025-05-17T04:01:12.060408,-0.1835,0,-0.34093126527370976
2025-05-17T04:02:42.074182,-0.179,0,-0.33726872617100406
2025-05-17T04:04:12.090223,-0.1845,0,-0.33358664908337154
2025-05-17T04:05:42.102956,-0.194,0,-0.3298852129721396
2025-05-17T04:07:12.124055,-0.248,0,-0.32616459546961485
2025-05-17T04:08:42.139358,-0.247,0,-0.322424972856168
2025-05-17T04:10:12.148222,-0.2565,0,-0.31866652003859647
2025-05-17T04:11:42.160846,-0.243,0,-0.3148894105280565
2025-05-17T04:13:12.179176,-0.244,0,-0.3110938164176015
2025-05-17T04:14:42.195694,-0.236,0,-0.3072799083576667
2025-05-17T04:16:12.206917,-0.2335,0,-0.3034478555378227
2025-05-17T04:17:42.217943,-0.228,0,-0.2995978256536829
2025-05-17T04:19:12.229692,-0.2325,0,-0.2957299848866883
2025-05-17T04:20:42.238246,-0.2595,0,-0.291844497875595
2025-05-17T04:22:12.253401,-0.229,0,-0.287941527687973
2025-05-17T04:23:42.268938,-0.244,0,-0.2840212357899141
2025-05-17T04:25:12.287530,-0.2385,0,-0.2800837820124298
2025-05-17T04:26:42.317122,-0.23,0,-0.27612932452234645
2025-05-17T04:28:12.345297,-0.226,0,-0.2721580197770145
2025-05-17T04:29:42.366069,-0.23,0,-0.2681700224896105
2025-05-17T04:31:12.376237,-0.2645,0,-0.26416548558424297
2025-05-17T04:32:42.385541,-0.3465,0,-0.26014456014849524
2025-05-17T04:34:12.394736,-0.334,0,-0.25610739538162364
2025-05-17T04:35:42.407344,-0.329,0,-0.25205413853761
2025-05-17T04:37:12.426582,-0.431,0,-0.2479849348612334
2025-05-17T04:38:42.442986,-0.4145,0,-0.24389992752416564
2025-05-17T04:40:12.451745,-0.3735,0,-0.23979925754042167
2025-05-17T04:41:42.461381,-0.3815,0,-0.23568306368653252
2025-05-17T04:43:12.473151,-0.3755,0,-0.23155148240535403
2025-05-17T04:44:42.499229,-0.3765,0,-0.22740464770013954
2025-05-17T04:46:12.519628,-0.381,0,-0.223242691015837
2025-05-17T04:47:42.536872,-0.373,0,-0.21906574110457086
2025-05-17T04:49:12.548633,-0.3065,0,-0.214873923880668
2025-05-17T04:50:42.561244,-0.299,0,-0.21066736224354218
2025-05-17T04:52:12.577458,-0.314,0,-0.2064461758910143
2025-05-17T04:53:42.589830,-0.2995,0,-0.20221048110041384
2025-05-17T04:55:12.607256,-0.2895,0,-0.1979603904807904
2025-05-17T04:56:42.616735,-0.2955,0,-0.1936960126901816
2025-05-17T04:58:12.626330,-0.28,0,-0.18941745211199057
2025-05-17T04:59:42.641469,-0.2865,0,-0.1851248084821003
2025-05-17T05:01:12.661432,-0.281,0,-0.18081817646602866
2025-05-17T05:02:42.683602,-0.2845,0,-0.17649764515686073
2025-05-17T05:04:12.702160,-0.2875,0,-0.1721632975070082
2025-05-17T05:05:42.710965,-0.2885,0,-0.16781520965987265
2025-05-17T05:07:12.720975,-0.2915,0,-0.16345345017071022
2025-05-17T05:08:42.730353,-0.282,0,-0.15907807909299632
2025-05-17T05:10:12.739936,-0.2835,0,-0.1546891469013498
2025-05-17T05:11:42.749721,-0.289,0,-0.15028669322394567
2025-05-17T05:13:12.759058,-0.279,0,-0.1458707453229249
2025-05-17T05:14:42.773810,-0.277,0,-0.1414413162933303
2025-05-17T05:16:12.791052,-0.2705,0,-0.13699840289346824
2025-05-17T05:17:42.801268,-0.3305,0,-0.1325419829267098
2025-05-17T05:19:12.810617,-0.327,0,-0.1280720120610891
2025-05-17T05:20:42.820069,-0.328,0,-0.12358841994095204
2025-05-17T05:22:12.830042,-0.3445,0,-0.11909110539905067
2025-05-17T05:23:42.839323,-0.3315,0,-0.11457993052487729
2025-05-17T05:25:12.852541,-0.327,0,-0.11005471323614754
2025-05-17T05:26:42.869495,-0.3705,0,-0.1055152179259743
2025-05-17T05:28:12.879355,-0.357,0,-0.10096114355212919
2025-05-17T05:29:42.889024,-0.3185,0,-0.09639210832585553
2025-05-17T05:31:12.898097,-0.321,0,-0.09180762980961836
2025-05-17T05:32:42.911571,-0.322,0,-0.08720709873323035
2025-05-17T05:34:12.930665,-0.3185,0,-0.08258974409582076
2025-05-17T05:35:42.943360,-0.3255,0,-0.07795458594982459
2025-05-17T05:37:12.961896,-0.3315,0,-0.07330037051418543
2025-05-17T05:38:42.972479,-0.334,0,-0.06862547935883717
2025-05-17T05:40:12.983090,-0.313,0,-0.06392779972631665
2025-05-17T05:41:42.997720,-0.3205,0,-0.059204535097543115
2025-05-17T05:43:13.018017,-0.3165,0,-0.054398931688458205
2025-05-17T05:44:43.029028,-0.1945,0,-0.049611378265999
2025-05-17T05:46:13.040236,-0.1875,0,-0.0447819303911619
2025-05-17T05:47:43.050142,-0.1855,0,-0.03989998929624346
2025-05-17T05:49:13.059598,-0.2045,0,-0.03494961029362212
2025-05-17T05:50:43.069348,-0.182,0,-0.029905690706485865
2025-05-17T05:52:13.078866,-0.1805,0,-0.02472635247407533
2025-05-17T05:53:43.097934,-0.1815,0,-0.01933620329640857
2025-05-17T05:55:13.116451,-0.209,0,-0.013584556155051403
2025-05-17T05:56:43.134325,-0.1865,0,-0.007120383388665997
2025-05-17T05:58:13.147396,-0.182,0,0.0004395983867605294
2025-05-17T05:59:43.165439,-0.1955,0,0.004359747091172559
2025-05-17T06:01:13.174873,-0.1875,0,0.00836838100683492
2025-05-17T06:02:43.187891,-0.187,0,0.012458221245226792
2025-05-17T06:04:13.211529,-0.1775,0,0.016622350259659458
2025-05-17T06:05:43.229914,-0.1785,0,0.020854221111779824
2025-05-17T06:07:13.239690,-0.178,0,0.025147666613823283
2025-05-17T06:08:43.249422,-0.1825,0,0.029496908360550172
2025-05-17T06:10:13.259503,-0.1915,0,0.03389656563083559
2025-05-17T06:11:43.269043,-0.18,0,0.03834166417298247
2025-05-17T06:13:13.279988,-0.179,0,0.04282764486733494
2025-05-17T06:14:43.290002,-0.195,0,0.0473503722667454
2025-05-17T06:16:13.299399,-0.3735,0,0.05190614301541079
2025-05-17T06:17:43.309230,-0.284,0,0.05649169413954341
2025-05-17T06:19:13.401712,-0.2735,0,0.06110421122475309
2025-05-17T06:20:43.411819,-0.3385,0,0.06574133645939227
2025-05-17T06:22:13.421632,-0.3515,0,0.07040117655873418
2025-05-17T06:23:43.431359,-0.341,0,0.07508231056356786
2025-05-17T06:25:13.442250,-0.3375,0,0.07978379751387836
2025-05-17T06:26:43.453675,-0.3355,0,0.08450518399729534
2025-05-17T06:28:13.464822,-0.3235,0,0.08924651157304571
2025-05-17T06:29:43.476419,-0.3155,0,0.09401538402778031
2025-05-17T06:31:13.491530,-0.318,0,0.09879092989570092
2025-05-17T06:32:43.517169,-0.2995,0,0.10358039902461423
2025-05-17T06:34:13.538242,-0.2935,0,0.10838309254217278
2025-05-17T06:35:43.549873,-0.296,0,0.11319839092398433
2025-05-17T06:37:13.568124,-0.282,0,0.11802573317577202
2025-05-17T06:38:43.588769,-0.275,0,0.12286460531602969
2025-05-17T06:40:13.614233,-0.2765,0,0.12771453342887476
2025-05-17T06:41:43.634139,-0.2905,0,0.1325750789992132
2025-05-17T06:43:13.655527,-0.381,0,0.13744583539050897
2025-05-17T06:44:43.675411,-0.357,0,0.14232642494210615
2025-05-17T06:46:13.687148,-0.3635,0,0.14721649642582235
2025-05-17T06:47:43.821922,-0.3525,0,0.15211572274551335
2025-05-17T06:49:13.973970,-0.2955,0,0.15702379882685652
2025-05-17T06:50:43.994283,-0.289,0,0.16194043967457386
2025-05-17T06:52:14.006640,-0.2765,0,0.16692014577853595
2025-05-17T06:53:44.021916,-0.3035,0,0.17185322075491805
2025-05-17T06:55:14.041892,-0.283,0,0.1767941062781611
2025-05-17T06:56:44.052154,-0.203,0,0.18174258134716
2025-05-17T06:58:14.067362,-0.1915,0,0.18669843747251774
2025-05-17T06:59:44.077993,-0.182,0,0.19166147754721774
2025-05-17T07:01:14.088801,-0.199,0,0.19663151481867674
2025-05-17T07:02:44.105292,-0.1835,0,0.20160837196842898
2025-05-17T07:04:14.126008,-0.21,0,0.20659188027083214
2025-05-17T07:05:44.136106,-0.199,0,0.21158187883761087
2025-05-17T07:07:14.146687,-0.1775,0,0.21657821393454502
2025-05-17T07:08:44.161415,-0.1565,0,0.22158073836417122
2025-05-17T07:10:14.173403,-0.1545,0,0.22658931090792328
2025-05-17T07:11:44.184395,-0.1625,0,0.23160379582270182
2025-05-17T07:13:14.196041,-0.1425,0,0.23662406238053693
2025-05-17T07:14:44.209867,-0.12,0,0.24164998446116082
2025-05-17T07:16:14.220844,-0.122,0,0.2466814401734039
2025-05-17T07:17:44.235995,-0.108,0,0.25171831151617147
2025-05-17T07:19:14.257748,-0.1165,0,0.25676048406957197
2025-05-17T07:20:44.268417,-0.114,0,0.26180784671388335
2025-05-17T07:22:14.280808,0.0185,0,0.2668602913746189
2025-05-17T07:23:44.292621,0.0165,0,0.2719177127851963
2025-05-17T07:25:14.306976,0.015,0,0.27698000827950414
2025-05-17T07:26:44.326573,0.017,0,0.282047077592976
2025-05-17T07:28:14.336800,0.0145,0,0.2871188226848487
2025-05-17T07:29:44.348024,0.0155,0,0.29219514757413806
2025-05-17T07:31:14.358501,0.0195,0,0.29727595818895874
2025-05-17T07:32:44.369800,0.016,0,0.30236116222773507
2025-05-17T07:34:14.380402,0.0155,0,0.30745066903217433
2025-05-17T07:35:44.391494,0.014,0,0.3125443894652502
2025-05-17T07:37:14.402737,-1.4615,0,0.3176422358074908
2025-05-17T07:38:44.413835,-1.469,0,0.32274412165175526
2025-05-17T07:40:14.424444,-1.4845,0,0.32784996180994486
2025-05-17T07:41:44.440051,-0.1635,0,0.3329596722253296
2025-05-17T07:43:14.468824,-0.464,0,0.3380731698907849
2025-05-17T07:44:44.493857,-0.4555,0,0.343190372773351
2025-05-17T07:46:14.514393,-0.499,0,0.3483111997389503
2025-05-17T07:47:44.524870,-0.4605,0,0.3534355704909805
2025-05-17T07:49:14.536968,-0.3965,0,0.3585634055034728
2025-05-17T07:50:44.552042,-0.3385,0,0.36369462596265734
2025-05-17T07:52:14.571052,-0.2815,0,0.3688291537108671
2025-05-17T07:53:44.581934,-0.196,0,0.37396691119349007
2025-05-17T07:55:14.592872,-0.1285,0,0.37910782140867433
2025-05-17T07:56:44.604624,0.0115,0,0.3842518078604399
2025-05-17T07:58:14.616473,0.015,0,0.38939879450941944
2025-05-17T07:59:44.630837,0.0155,0,0.3945487057349671
2025-05-17T08:01:14.651039,0.015,0,0.3997014662898244
2025-05-17T08:02:44.661734,0.0125,0,0.404857001261152
2025-05-17T08:04:14.673135,0.012,0,0.4100152360321756
2025-05-17T08:05:44.685711,0.0105,0,0.41517609624519536
2025-05-17T08:07:14.700439,0.015,0,0.420339507766811
2025-05-17T08:08:44.720920,0.0165,0,0.42550539664964554
2025-05-17T08:10:14.736069,0.0145,0,0.43067368910434944
2025-05-17T08:11:44.746802,0.014,0,0.43584431146326047
2025-05-17T08:13:14.758506,0.1315,0,0.44101719014951635
2025-05-17T08:14:44.773602,0.1375,0,0.44619225164597
2025-05-17T08:16:14.794381,0.135,0,0.4513694224647342
2025-05-17T08:17:44.806628,0.1335,0,0.4565486291173245
2025-05-17T08:19:14.818820,0.1455,0,0.4617297980861782
2025-05-17T08:20:44.833088,0.1585,0,0.46691285579203023
2025-05-17T08:22:14.844322,0.1455,0,0.47209772857081844
2025-05-17T08:23:44.855883,0.2395,0,0.4772843426416858
2025-05-17T08:25:14.867027,0.272,0,0.4824726240798535
2025-05-17T08:26:44.878432,0.316,0,0.48766249878873974
2025-05-17T08:28:14.890058,0.704,0,0.4928538924722043
2025-05-17T08:29:44.901598,0.4415,0,0.4980467306078113
2025-05-17T08:31:14.917086,0.895,0,0.5032409384155423
2025-05-17T08:32:44.941415,0.5865,0,0.5084364408356348
2025-05-17T08:34:14.962307,0.759,0,0.5136331624972658
2025-05-17T08:35:44.974138,0.787,0,0.5188310276916817
2025-05-17T08:37:14.990560,0.9025,0,0.5240299603442717
2025-05-17T08:38:45.012758,1.044,0,0.529287666193269
2025-05-17T08:40:15.024439,1.5995,0,0.5344885136583384
2025-05-17T08:41:45.035975,0.899,0,0.5396901970178223
2025-05-17T08:43:15.047617,0.89,0,0.5448926384459885
2025-05-17T08:44:45.084873,1.431,0,0.5500957596070837
2025-05-17T08:46:15.113826,1.5585,0,0.5552994816267481
2025-05-17T08:47:45.141439,1.134,0,0.5605037250620777
2025-05-17T08:49:15.165588,1.168,0,0.5657084098712873
2025-05-17T08:50:45.178077,1.1025,0,0.5709134553838026
2025-05-17T08:52:15.190313,1.0665,0,0.5761187802653293
2025-05-17T08:53:45.209891,1.5305,0,0.5813243024914166
2025-05-17T08:55:15.242191,1.0655,0,0.5865299393114148
2025-05-17T08:56:45.273543,1.2155,0,0.5917356072163452
2025-05-17T08:58:15.308147,1.153,0,0.596941221905245
2025-05-17T08:59:45.323506,1.31,0,0.6021466982507722
2025-05-17T09:01:15.339704,1.5065,0,0.6073519502641497
2025-05-17T09:02:45.351489,1.3625,0,0.6125568910602301
2025-05-17T09:04:15.368037,1.805,0,0.6177614328172379
2025-05-17T09:05:45.390200,1.993,0,0.6229654867447514
2025-05-17T09:07:15.401941,2.2195,0,0.6281689630417341
2025-05-17T09:08:45.418777,1.951,0,0.6333717708581892
2025-05-17T09:10:15.445681,2.3245,0,0.6385738182549628
2025-05-17T09:11:46.357688,1.621,0,0.6437750121625174
2025-05-17T09:13:16.380207,2.3605,0,0.6490330331705583
2025-05-17T09:14:46.398931,2.1295,0,0.6542322240253007
2025-05-17T09:16:16.415505,2.301,0,0.6594302738900578
2025-05-17T09:17:46.435257,2.1345,0,0.6646270847253857
2025-05-17T09:19:16.453999,1.951,0,0.6698225571383202
2025-05-17T09:20:46.479414,1.467,0,0.675016590334183
2025-05-17T09:22:16.491759,1.3175,0,0.6802090820670696
2025-05-17T09:23:46.678393,1.673,0,0.6853999285898362
2025-05-17T09:25:16.707998,2.674,0,0.6905890245980963
2025-05-17T09:26:47.571482,3.327,0,0.6957762631818248
2025-05-17T09:28:18.431912,2.7315,0,0.7010191384487002
2025-05-17T09:29:49.340473,2.1345,0,0.7062598897581023
2025-05-17T09:31:19.352635,3.647,0,0.7114984012268893
2025-05-17T09:32:50.143495,3.537,0,0.7166770281343132
2025-05-17T09:34:20.156694,3.3045,0,0.7219107323854064
2025-05-17T09:35:51.007415,3.1845,0,0.7270843685574072
2025-05-17T09:37:21.819145,3.1345,0,0.7323127835246666
2025-05-17T09:38:51.831927,3.13,0,0.7374809439118194
2025-05-17T09:40:21.844750,1.775,0,0.7426461956269212
2025-05-17T09:41:51.857212,2.964,0,0.7478084122106335
2025-05-17T09:43:22.683854,1.883,0,0.7529674648797251
2025-05-17T09:44:52.697664,1.195,0,0.7581804896352909
2025-05-17T09:46:22.710613,0.916,0,0.7633327795866538
2025-05-17T09:47:52.727173,0.8925,0,0.7684815030226613
2025-05-17T09:49:22.752725,0.9125,0,0.7736265210378884
2025-05-17T09:50:52.775756,0.996,0,0.7787676919933942
2025-05-17T09:52:22.791465,0.842,0,0.7839048714223169
2025-05-17T09:53:52.811244,0.8365,0,0.7890379119371506
2025-05-17T09:55:22.827617,2.875,0,0.7941666631329733
2025-05-17T09:56:52.850081,1.8605,0,0.7992909714875011
2025-05-17T09:58:22.872796,3.2195,0,0.8044106802578112
2025-05-17T09:59:53.754151,3.167,0,0.8095256293745551
2025-05-17T10:01:24.592417,3.1705,0,0.8146924051133836
2025-05-17T10:02:54.605334,3.2015,0,0.8198539749601066
2025-05-17T10:04:24.621361,2.0625,0,0.8249535308620529
2025-05-17T10:05:54.651487,3.2785,0,0.8300476473698708
2025-05-17T10:07:25.501551,1.203,0,0.8351361459580245
2025-05-17T10:08:55.514245,3.207,0,0.8402752851882197
2025-05-17T10:10:25.526371,3.1725,0,0.8453519284270234
2025-05-17T10:11:56.865880,3.1175,0,0.8504786941948898
2025-05-17T10:13:26.878097,3.235,0,0.8555427088733984
2025-05-17T10:14:57.725343,0.2335,0,0.8606001449706177
2025-05-17T10:16:27.738244,3.205,0,0.8657068769008899
2025-05-17T10:17:57.751835,2.491,0,0.8707504568275076
2025-05-17T10:19:28.584007,2.4925,0,0.8757868256140087
2025-05-17T10:20:58.597163,3.044,0,0.880871597325376
2025-05-17T10:22:29.409384,3.138,0,0.8858927907343471
2025-05-17T10:24:00.252516,2.996,0,0.8909617507254383
2025-05-17T10:25:31.081241,0.5095,0,0.8960223973713417
2025-05-17T10:27:01.104564,0.889,0,0.9010744789406755
2025-05-17T10:28:31.122860,0.9225,0,0.9060623656652516
2025-05-17T10:30:01.147684,0.7075,0,0.9110413656357189
2025-05-17T10:31:31.159558,1.021,0,0.9160112158939658
2025-05-17T10:33:01.172567,1.509,0,0.9209716465945686
2025-05-17T10:34:31.186572,1.1065,0,0.9259223807781953
2025-05-17T10:36:01.200119,-0.3955,2.4,0.9308631341269188
2025-05-17T10:37:31.998768,-0.651,2.4,0.9357936147163611
2025-05-17T10:39:02.821435,2.494,1.44,0.9407681278622692
2025-05-17T10:40:33.811636,1.7555,0,0.9456770327844181
2025-05-17T10:42:03.832686,1.8155,0,0.9506290921614962
2025-05-17T10:43:33.845533,1.2805,0,0.9555151413470893
2025-05-17T10:45:03.863756,1.2205,0,0.9603893272079925
2025-05-17T10:46:33.889714,1.3905,0,0.9652513062507102
2025-05-17T10:48:03.905430,1.652,0,0.9701007253736189
2025-05-17T10:49:33.919140,1.7835,0,0.9749372215426368
2025-05-17T10:51:03.934617,4.1235,0,0.979760421457381
2025-05-17T10:52:35.716695,4.111,0,0.9845699412012733
2025-05-17T10:54:05.729915,0.2785,3.6,0.9894717883751432
2025-05-17T10:55:36.659521,0.762,3.6,0.9942524252800682
2025-05-17T10:57:07.563225,0.9795,3.36,0.9990710207286491
2025-05-17T10:58:37.589649,-2.632,3.84,1.0038739294740995
2025-05-17T11:00:08.466714,-1.655,3.84,1.0086081811459067
2025-05-17T11:01:39.270453,4.029,0,1.0133785142031877
2025-05-17T11:03:10.994475,1.6635,0,1.0181317509681753
2025-05-17T11:04:41.007252,-1.8155,3.36,1.0229193320193333
2025-05-17T11:06:11.817926,-2.3165,3.36,1.0275849215701693
2025-05-17T11:07:41.843279,3.21,0,1.0322322776988002
2025-05-17T11:09:13.454883,3.323,0,1.0368608722713544
2025-05-17T11:10:44.291391,0.8825,2.64,1.0415723665606893
2025-05-17T11:12:15.088732,0.673,2.88,1.0462122171203045
2025-05-17T11:13:45.108228,0.488,3.12,1.0508311486374284
2025-05-17T11:15:15.135022,0.5295,3.12,1.055378144770867
2025-05-17T11:16:45.152644,0.4975,3.12,1.0599034651651278
2025-05-17T11:18:15.180496,0.546,3.12,1.064406478834969
2025-05-17T11:19:45.193894,0.563,3.12,1.068886535879852
2025-05-17T11:21:15.207756,0.5005,3.12,1.073342966926016
2025-05-17T11:22:45.227251,0.5465,3.12,1.077775082548472
2025-05-17T11:24:15.256195,0.7835,3.12,1.0821821726914465
2025-05-17T11:25:46.097456,-1.227,3.12,1.086563506081461
2025-05-17T11:27:16.910292,-1.8405,3.36,1.0909665647526419
2025-05-17T11:28:46.923117,4.251,0,1.095293795370482
2025-05-17T11:30:18.586919,0.855,0,1.0995929331714758
2025-05-17T11:31:48.600626,-3.0565,3.84,1.1039577147834174
2025-05-17T11:33:19.441545,-3.296,3.84,1.1081975045153216
2025-05-17T11:34:49.466412,0.356,0,1.112453234183449
2025-05-17T11:36:19.488364,0.463,0,1.116630465511678
2025-05-17T11:37:49.516705,0.618,0,1.1207752132002593
2025-05-17T11:39:19.530216,0.761,0,1.124886527203299
2025-05-17T11:40:49.543730,0.585,0,1.128963430418432
2025-05-17T11:42:19.563691,0.3715,0,1.1330049181696673
2025-05-17T11:43:49.590128,0.4245,0,1.1370099577164248
2025-05-17T11:45:19.604742,0.7015,0,1.140977487795066
2025-05-17T11:46:49.619176,0.4075,0,1.1449064181901647
2025-05-17T11:48:19.632914,0.162,0,1.1487956293611792
2025-05-17T11:49:49.646653,0.0165,0,1.1526439721042168
2025-05-17T11:51:19.665865,0.01,0,1.15645026727534
2025-05-17T11:52:49.693847,0.013,0,1.1602133055747077
2025-05-17T11:54:19.707043,0.218,0,1.163931847400381
2025-05-17T11:55:49.720361,0.4955,0,1.1676046227800156
2025-05-17T11:57:19.734283,0.5325,0,1.1712303313903216
2025-05-17T11:58:49.747677,0.4465,0,1.1748076426649636
2025-05-17T12:00:19.761374,0.965,0,1.1783351960214314
2025-05-17T12:01:49.775739,4.1155,0,1.1818116011886715
2025-05-17T12:03:21.410903,1.012,0,1.185235438666789
2025-05-17T12:04:51.426923,-2.5065,3.6,1.1886795204851763
2025-05-17T12:06:22.233423,-2.749,3.6,1.1919926001603136
2025-05-17T12:07:52.266515,0.8105,0,1.1952845035195847
2025-05-17T12:09:22.299862,3.652,0,1.1984813371845127
2025-05-17T12:10:54.002044,1.051,0,1.2016180411716684
2025-05-17T12:12:24.022314,-2.096,3.12,1.2047606580207606
2025-05-17T12:13:54.882933,-2.293,3.12,1.207770923039328
2025-05-17T12:15:24.896302,4.2315,0,1.2107162264515767
2025-05-17T12:16:56.497545,0.7695,0,1.2135949313556873
2025-05-17T12:18:26.515068,-1.491,3.6,1.216467052190543
2025-05-17T12:19:57.368832,-2.0965,3.6,1.2192060181307731
2025-05-17T12:21:28.167722,-0.5765,1.68,1.2219025846869178
2025-05-17T12:22:58.181406,0.9025,0,1.2245241842328414
2025-05-17T12:24:28.195609,0.9425,0,1.2270415317276908
2025-05-17T12:25:58.209896,3.9785,0,1.2294821609929807
2025-05-17T12:27:30.032143,0.968,0,1.231844390286448
2025-05-17T12:29:00.046331,-2.1405,3.36,1.2341763379902764
2025-05-17T12:30:30.834697,-2.718,3.36,1.2363749224272058
2025-05-17T12:32:00.860521,0.828,0,1.2384900892817308
2025-05-17T12:33:30.875988,0.584,0,1.2405202148176044
2025-05-17T12:35:00.893222,1.0745,0,1.2424637014052657
2025-05-17T12:36:30.927063,0.327,0,1.2443189825333365
2025-05-17T12:38:00.947011,0.564,0,1.246084527948129
2025-05-17T12:39:30.968958,0.7935,0,1.2477588489170297
2025-05-17T12:41:00.998122,0.8315,0,1.2493405035497074
2025-05-17T12:42:31.013607,2.257,0,1.25084409762727
2025-05-17T12:44:02.613968,1.5385,0,1.2522352410051085
2025-05-17T12:45:32.630779,0.5815,1.68,1.2535435487434137
2025-05-17T12:47:02.648368,-0.657,1.68,1.2547390558092446
2025-05-17T12:48:33.430495,-0.841,1.68,1.255835552477843
2025-05-17T12:50:03.451855,0.3095,0,1.256842496668342
2025-05-17T12:51:33.483910,1.747,0,1.2577367844023648
2025-05-17T12:53:11.770365,0.5845,0,1.2585946368185437
2025-05-17T12:54:41.790171,-0.1925,0,1.259275156819049
2025-05-17T12:56:11.811029,0.011,0,1.2598522359682607
2025-05-17T12:57:41.837655,-0.4365,0,1.2603252922619157
2025-05-17T12:59:11.853775,-0.6565,0,1.260693845496809
2025-05-17T13:00:41.869701,3.028,0,1.2609575196627765
2025-05-17T13:02:13.554042,2.935,0,1.2611160448328003
2025-05-17T13:03:43.586737,0.839,2.4,1.2611692443090277
2025-05-17T13:05:14.661831,-0.4125,2.4,1.261114751087835
2025-05-17T13:06:45.496136,0.421,2.64,1.2609525823768541
2025-05-17T13:08:16.389476,1.5085,1.44,1.260682923000938
2025-05-17T13:09:47.211283,0.3915,2.64,1.2603060564385962
2025-05-17T13:11:17.242723,0.56,2.4,1.2598223769661188
2025-05-17T13:12:47.259957,1.5985,2.4,1.2592394466455954
2025-05-17T13:13:47.876093,1.564,2.4,0.0
2025-05-17T13:15:18.755676,0.7445,3.36,0.0
2025-05-17T13:16:48.772558,0.4855,3.6,0.0
2025-05-17T13:18:18.790742,0.492,3.6,0.0
2025-05-17T13:19:48.812561,0.4155,3.6,0.0
2025-05-17T13:20:18.316731,0.423,3.6,1.2547889923862765
2025-05-17T13:21:48.334278,0.479,3.6,1.2535840535392504
2025-05-17T13:23:19.197204,-2.1425,3.6,1.2522938996816835
2025-05-17T13:24:49.215203,1.637,0,1.2508910879442285
2025-05-17T13:26:20.037083,4.094,0,1.2494077280118052
2025-05-17T13:27:50.925792,0.8545,3.6,1.2478122189498475
2025-05-17T13:29:21.759461,-3.4795,4.08,1.246141028202987
2025-05-17T13:30:53.567663,4.3295,0,1.244358494227284
2025-05-17T13:32:24.375028,0.679,3.84,1.2424631057842823
2025-05-17T13:33:54.391334,0.393,4.08,1.2404976636154987
2025-05-17T13:35:24.412126,0.392,4.08,1.2384667334531774
2025-05-17T13:36:54.450253,0.442,4.08,1.236350802602127
2025-05-17T13:38:24.480282,0.443,4.08,1.2341514956620676
2025-05-17T13:39:55.474434,0.0055,4.08,1.2318704583937594
2025-05-17T13:41:26.387738,0.901,3.6,1.229482675087511
2025-05-17T13:42:57.291421,0.2125,4.08,1.2270147653426429
2025-05-17T13:44:27.314185,0.473,3.84,1.2244684680526754
2025-05-17T13:45:57.330832,0.446,3.84,1.2218747597415187
2025-05-17T13:47:28.165606,-3.2495,3.84,1.2192077677616933
2025-05-17T13:48:58.201626,1.717,0,1.216438349652878
2025-05-17T13:50:29.997928,4.0275,0,1.2136290625873682
2025-05-17T13:52:00.015325,0.484,3.6,1.210686825790467
2025-05-17T13:53:30.839491,0.614,3.6,1.207741245735106
2025-05-17T13:55:01.659180,-0.111,3.84,1.204730749495441
2025-05-17T13:56:32.583594,0.885,3.36,1.201622453578125
2025-05-17T13:58:03.469503,-0.7785,3.84,1.1984510996707594
2025-05-17T13:59:34.317851,0.257,2.64,1.1952183185847811
2025-05-17T14:01:05.237904,-2.212,2.4,1.191925716847193
2025-05-17T14:01:32.458029,-0.4695,0,1.1909008190366959
2025-05-17T14:03:02.479698,-0.7905,0,1.1875696954251909
2025-05-17T14:04:32.511872,-0.638,0,1.1841835701543544
2025-05-17T14:06:04.264165,3.1105,0,1.1807439107140631
2025-05-17T14:07:35.117570,2.9465,0,1.17717398105722
2025-05-17T14:09:05.133485,2.9205,0,1.1735907798324965
2025-05-17T14:10:35.151544,2.923,0,1.1699974179465806
2025-05-17T14:12:05.174061,2.9535,0,1.1663561486029472
2025-05-17T14:13:35.205320,3.0135,0,1.162668291964102
2025-05-17T14:15:05.222315,2.7665,0,1.1589351378943353
2025-05-17T14:16:35.237983,2.815,0,1.155157945882582
2025-05-17T14:18:05.258031,2.813,0,1.1513379450559784
2025-05-17T14:19:35.287449,2.9145,0,1.1474763342767968
2025-05-17T14:21:05.309625,0.8735,0,1.143574282315646
2025-05-17T14:22:35.340260,-0.334,0,1.1396329280846689
2025-05-17T14:24:05.356305,-0.351,0,1.1356533809443772
2025-05-17T14:25:35.372268,0.7755,0,1.1316367210488891
2025-05-17T14:27:05.389428,4.2605,0,1.1275839997443315
2025-05-17T14:28:35.407454,4.068,0,1.1234962400059365
2025-05-17T14:30:05.426254,2.3125,0,1.1193744369095415
2025-05-17T14:31:35.459959,0.0455,1.92,1.1152195581325577
2025-05-17T14:33:05.476657,-1.3915,1.92,1.1110325444808384
2025-05-17T14:34:35.492575,-3.6005,1.92,1.106814310429139
2025-05-17T14:36:05.508395,-3.872,1.92,1.1025657446916406
2025-05-17T14:37:35.523713,-3.401,1.92,1.0982877107915532
2025-05-17T14:39:05.540502,1.88,1.92,1.0939810476472767
2025-05-17T14:40:35.556930,-1.459,1.92,1.0896465701637839
2025-05-17T14:42:05.580825,2.487,1.92,1.0852850698280767
2025-05-17T14:43:35.620626,2.4985,1.92,1.0808973153076873
2025-05-17T14:45:06.466921,-1.123,1.92,1.0764840530421507
2025-05-17T14:46:36.488037,0.892,0,1.0719965596886345
2025-05-17T14:47:49.461439,4.2765,0,1.0684782016060221
